{
	"class_name" : "ViewTrajectory",
	"interval" : 29,
	"is_loop" : false,
	"trajectory" : 
	[
		{
			"boundingbox_max" : [ 77.967330932617188, 44.878612518310547, 2.8253412246704102 ],
			"boundingbox_min" : [ -78.087394714355469, -55.723411560058594, -11.556541442871094 ],
			"field_of_view" : 60.0,
			"front" : [ -0.90130562524461777, -0.34729405710260447, 0.25891119675213303 ],
			"lookat" : [ -1.7862606846297771, -2.6636404880755942, 0.10182454466050381 ],
			"up" : [ 0.21969668630536465, 0.14864225299405665, 0.96417780862831171 ],
			"zoom" : 0.15999999999999961
		}
	],
	"version_major" : 1,
	"version_minor" : 0
}